Herbal Plant,Scientific Name,Uses,Description,Growing Conditions
Tulsi (Holy Basil),Ocimum tenuiflorum,"Boosts immunity, relieves stress, treats coughs and colds, reduces fever, anti-inflammatory","Tulsi, revered as the 'Queen of Herbs' in Ayurveda and sacred in Hindu culture, is a powerhouse of medicinal compounds including eugenol, rosmarinic acid, and various flavonoids. It is widely consumed as a herbal tea to combat respiratory infections, sore throat, and seasonal colds. Its adaptogenic properties help the body manage stress and anxiety by regulating cortisol levels. Tulsi also exhibits strong antibacterial, antiviral, and antifungal properties, making it effective against a range of pathogens. Regular consumption supports cardiovascular health, aids digestion, and helps maintain healthy blood sugar levels.","Thrives in warm tropical and subtropical climates with temperatures between 20–35°C (68–95°F). Requires full sunlight for at least 6–8 hours daily. Prefers well-drained, fertile loamy or sandy loam soil with a pH of 6.0–7.5. Water regularly but avoid waterlogging; the plant is moderately drought-tolerant once established. Grows well in containers or garden beds. Propagate via seeds or stem cuttings. Pinch off flower buds regularly to encourage bushier growth and prolong leaf harvest."
Ashwagandha,Withania somnifera,"Reduces stress and anxiety, boosts energy, improves concentration, enhances stamina, supports thyroid function","Ashwagandha, meaning 'smell of horse' in Sanskrit (indicating its strength-giving properties), is one of the most revered herbs in Ayurvedic medicine. Its root contains active compounds called withanolides, which are powerful adaptogens that help the body resist physical and mental stress. Clinically, it has been shown to reduce cortisol levels, improve sleep quality, increase testosterone in men, and enhance overall vitality. It is used to treat chronic fatigue, anxiety disorders, and cognitive decline. It also supports adrenal function and helps balance thyroid hormones, making it beneficial for hypothyroidism.","Best suited for arid to semi-arid climates with temperatures between 20–38°C (68–100°F). Grows well in sandy, loamy, or clay loam soil with good drainage and a pH of 7.5–8.0. Requires full sun and is highly drought-tolerant once established, needing very little irrigation. Not frost-tolerant; avoid waterlogged soils as root rot is a common issue. Seeds germinate best when sown directly in the ground at the start of the dry season. Harvesting of roots typically occurs 150–180 days after sowing, when the berries turn red."
Aloe Vera,Aloe barbadensis miller,"Heals burns and wounds, soothes skin irritation, aids digestion, treats sunburn, moisturizes skin, reduces inflammation","Aloe Vera is a succulent plant whose gel-filled leaves are a treasure trove of bioactive compounds including vitamins A, C, E, B12, antioxidants, enzymes, polysaccharides, and amino acids. The clear gel extracted from its thick leaves is widely used topically to soothe sunburns, minor cuts, insect bites, eczema, and psoriasis by reducing inflammation and stimulating skin cell regeneration. When consumed as juice, it aids in digestion, reduces acid reflux, supports liver function, and may help manage blood sugar levels. Its antimicrobial properties also make it a popular ingredient in natural mouthwashes and dental gels.","Ideally suited for hot, dry climates and is one of the most low-maintenance plants to grow. Thrives in temperatures between 13–27°C (55–80°F) and cannot tolerate frost. Requires sandy, well-draining soil with a pH of 6.0–8.0 and minimal watering — overwatering is the most common cause of death; allow the soil to dry completely between waterings. Needs bright indirect sunlight or full sun for at least 6 hours per day. Plant in pots with drainage holes if grown indoors. Repot every 2 years as offsets (pups) develop around the base. Avoid humid or waterlogged conditions."
Brahmi,Bacopa monnieri,"Improves memory and brain function, reduces anxiety, treats ADHD, acts as a neuroprotectant, supports mental clarity","Brahmi is a powerful nootropic herb used for over 3,000 years in Ayurvedic medicine to sharpen intellect and enhance memory. Its active compounds, bacosides A and B, are known to improve synaptic communication in the brain, enhance neuronal plasticity, and protect brain cells from oxidative damage. Clinical studies show it significantly improves memory acquisition and retention, making it beneficial for students, elderly individuals, and those with cognitive decline. It also reduces anxiety by modulating the serotonin and dopamine systems. Brahmi is also used to manage epilepsy, ADHD in children, and as a general nervine tonic.","A semi-aquatic herb that naturally grows along the banks of ponds, wetlands, and slow-moving streams. Thrives in marshy, waterlogged, or moist soil conditions. Prefers warm temperatures between 15–30°C (59–86°F) and full to partial sunlight. Can be grown in containers with moist or saturated soil, or even in shallow water. Soil pH of 6.0–7.5 is ideal. Propagate through stem cuttings placed in wet soil or water. Requires frequent watering and does not tolerate drought. Grows well as a ground cover in wet garden areas or in aquatic garden setups."
Neem,Azadirachta indica,"Antibacterial, antifungal, anti-parasitic, treats skin conditions, supports dental health, acts as a natural pesticide","Often called the 'Village Pharmacy' in India, Neem is one of the most versatile medicinal trees known to humankind. Every part of the tree — leaves, bark, seeds, flowers, and roots — has medicinal value. Its primary active compound, azadirachtin, provides powerful insecticidal, antifungal, antibacterial, and antiviral properties. Neem leaves are used to treat skin disorders like acne, eczema, and ringworm. Neem oil is widely used in natural pesticides and as a hair and skin treatment. In dental care, neem twigs are traditionally used as toothbrushes for their ability to reduce plaque and fight oral bacteria. It is also used to treat intestinal worms and boost liver health.","Extremely hardy and drought-tolerant, Neem thrives in tropical and subtropical climates with temperatures between 21–32°C (70–90°F). Grows well in a variety of soils including dry, poor-quality, stony, or sandy soils with a pH of 6.2–7.0. Requires full sun and minimal water once established — it is highly resistant to drought and heat. Does not tolerate frost, waterlogged soils, or temperatures below 4°C (39°F). Propagate from seeds or root suckers. Grows fast (up to 1.5m per year) and begins producing seeds within 3–5 years. Ideal as a shade tree in arid landscapes."
Turmeric,Curcuma longa,"Anti-inflammatory, antioxidant, supports joint health, improves digestion, boosts immunity, used in cooking and traditional medicine","Turmeric is a golden-yellow spice and medicinal herb whose rhizomes contain curcumin, one of the most extensively studied natural compounds in modern science. Curcumin possesses potent anti-inflammatory properties comparable to some pharmaceutical drugs, making turmeric highly effective for managing arthritis, joint pain, and inflammatory bowel disease. Its antioxidant properties neutralize free radicals, protecting cells from damage and reducing the risk of chronic diseases including cancer and heart disease. Turmeric also supports liver detoxification, promotes healthy digestion, and boosts immune function. Combining it with black pepper (piperine) increases curcumin absorption by up to 2,000%.","Grows best in tropical and subtropical climates with temperatures between 20–30°C (68–86°F) and high humidity. Requires well-drained, fertile, and slightly acidic soil with a pH of 5.5–7.0, rich in organic matter. Needs regular and consistent moisture — water 2–3 times per week during the growing season. Prefers partial shade to full sun; too much direct sun can scorch the leaves. Propagate by planting rhizome pieces (with at least one bud) 5–7 cm deep in spring. Harvest rhizomes 7–10 months after planting when the leaves start to yellow and die back. Grows well in containers if kept moist."
Shatavari,Asparagus racemosus,"Promotes women's health and hormonal balance, boosts immunity, improves digestion, supports lactation, adaptogenic","Shatavari, translating to 'she who has a hundred husbands' in Sanskrit, is the most important female rejuvenating herb in Ayurveda. Its roots are rich in steroidal saponins (shatavarins) that act as phytoestrogens, helping to regulate and balance female hormonal cycles. It is widely used to manage PMS symptoms, support fertility, ease menopausal discomfort, and stimulate breast milk production in lactating mothers. Beyond women's health, Shatavari strengthens the immune system, soothes gastric ulcers, reduces inflammation of the digestive tract, and acts as a general adaptogen that improves the body's ability to cope with stress.","Native to India and the Himalayas, Shatavari grows in tropical and subtropical climates with temperatures between 10–40°C (50–104°F). Thrives in sandy to loamy, well-drained soil with moderate fertility and a pH of 6.0–8.0. Requires full sun exposure and moderate watering — the plant is somewhat drought-tolerant once established but appreciates regular irrigation during dry spells. Grows as a climbing vine and benefits from a trellis or support structure. Propagate by seeds or root divisions. The tuberous roots are harvested after 1–2 years of growth. Avoid waterlogged or heavy clay soils to prevent root rot."
Guggul,Commiphora wightii,"Lowers cholesterol, supports heart health, anti-inflammatory, aids weight management, used in treating arthritis","Guggul is a small thorny shrub whose resinous sap (oleogum resin) has been used in Ayurvedic medicine for over 2,000 years. The active compounds, guggulsterones E and Z, have been shown in clinical studies to lower LDL cholesterol and triglycerides while raising HDL cholesterol, making guggul a popular natural remedy for cardiovascular disease. It also exhibits potent anti-inflammatory properties, making it effective in treating osteoarthritis and rheumatoid arthritis. Additionally, guggul stimulates the thyroid gland, aiding in metabolism regulation and weight management. It is often used in combination formulas in Ayurveda for detoxification (Panchakarma).","A desert-adapted shrub that thrives in hot, dry, and arid climates with temperatures between 25–40°C (77–104°F). Grows naturally in rocky, dry, and degraded soils with a pH of 7.5–8.5. Extremely drought-tolerant and requires very little water — excess moisture and high humidity are detrimental to growth. Needs full sun throughout the day. Grows slowly and the resin is typically harvested only after the tree is 5+ years old by making incisions in the bark. Not suitable for humid, waterlogged, or frost-prone areas. Propagate from stem cuttings or seeds sown in well-drained sandy soil."
Saffron,Crocus sativus,"Boosts mood and treats depression, antioxidant, improves skin health, aids memory, anti-inflammatory, aphrodisiac","Saffron, the world's most expensive spice by weight, is harvested from the stigmas of the Crocus sativus flower. Its active compounds — crocin, crocetin, and safranal — are responsible for its vivid color, distinctive aroma, and wide-ranging medicinal properties. Clinical studies have shown saffron to be as effective as antidepressants for mild-to-moderate depression by increasing serotonin levels in the brain. It also acts as a powerful antioxidant that protects cells from oxidative stress, reduces inflammation, and may slow the progression of macular degeneration. In skincare, saffron brightens complexion, reduces hyperpigmentation, and imparts a natural glow. It also supports cognitive health and may protect against Alzheimer's disease.","Requires a Mediterranean-type climate with warm, dry summers and cold winters (temperatures between -15°C to 40°C / 5–104°F). The corms need a cold dormancy period to bloom. Grows best in well-drained, fertile, calcareous or sandy loam soil with a pH of 6.0–8.0 — waterlogged soil quickly causes corm rot. Needs full sun exposure and low humidity during the growing season. Plant corms in late summer at a depth of 10–15 cm. Flowers appear in autumn (October–November) and must be harvested by hand within days of blooming. Best grown in raised beds or slopes to ensure excellent drainage. Does not perform well in humid tropical climates."
Fenugreek,Trigonella foenum-graecum,"Lowers blood sugar, improves digestion, boosts milk production in nursing mothers, reduces cholesterol, used as a culinary spice","Fenugreek is a multifunctional herb and culinary spice whose seeds and leaves are used both in cooking and traditional medicine across South Asia and the Middle East. Its seeds are rich in soluble fiber (galactomannan) and 4-hydroxyisoleucine, an amino acid that stimulates insulin secretion, making fenugreek an evidence-based remedy for type 2 diabetes management. It also reduces LDL cholesterol and triglycerides, supports digestive health by soothing gastric inflammation and constipation, and is widely used to boost breast milk production in lactating mothers (galactagogue). Its bitter taste and maple-like aroma are characteristic in Indian curries, pickles, and spice blends.","A cool-season annual that grows best in temperatures between 10–25°C (50–77°F). Prefers well-drained, loamy to sandy loam soil with a pH of 6.0–7.0 and moderate fertility. Requires full sun and consistent moisture — avoid waterlogging. Sow seeds directly into the soil in early spring or autumn (in warm climates). Germination occurs within 3–5 days and plants are ready for leaf harvest within 3–4 weeks; seeds mature in 3–4 months. Drought-tolerant once established but performs best with regular watering. Sensitive to frost; avoid planting during peak summer heat as bolting occurs rapidly. Can also be grown in containers on sunny balconies or windowsills."
Ginger,Zingiber officinale,"Anti-nausea, anti-inflammatory, aids digestion, relieves pain and muscle soreness, supports immune health, improves circulation","Ginger is one of the world's most widely used medicinal plants and culinary spices. Its rhizomes contain gingerols and shogaols — bioactive compounds that give it its pungent flavor and potent anti-nausea, anti-inflammatory, and analgesic properties. Ginger is highly effective for treating nausea and vomiting associated with pregnancy, chemotherapy, and motion sickness. Its anti-inflammatory properties make it beneficial for reducing muscle soreness, menstrual pain, and osteoarthritis symptoms. It also stimulates digestive enzymes and bile production, improving nutrient absorption and relieving bloating, indigestion, and gas. Regular consumption supports heart health by lowering blood sugar and cholesterol levels.","Thrives in warm, humid tropical climates with temperatures between 20–30°C (68–86°F). Prefers rich, well-drained, moist loamy soil with high organic content and a pH of 5.5–6.5. Partial shade is ideal — too much direct sunlight can scorch the leaves. Keep soil consistently moist but not waterlogged. Plant rhizome pieces (each with a bud/eye) 5–10 cm deep in spring. Grows well in large containers or raised beds with regular compost addition. Harvest rhizomes 8–10 months after planting once leaves start to yellow. Mulching helps retain soil moisture and regulate temperature. Does not tolerate frost or dry conditions."
Ginseng,Panax ginseng,"Boosts energy and stamina, enhances cognitive function, supports immune health, reduces fatigue, aphrodisiac, adaptogenic","Ginseng is one of the most prized medicinal plants in traditional Chinese and Korean medicine, used for over 5,000 years to promote vitality and longevity. Its roots contain active compounds called ginsenosides (also known as panaxosides), which modulate the immune system, enhance mental performance, reduce fatigue, and act as powerful adaptogens against physical and psychological stress. Ginseng has been clinically shown to improve working memory, reaction time, and mood. It also supports erectile function, enhances endurance in athletes, regulates blood sugar in type 2 diabetics, and reduces symptoms of menopause. Red ginseng (steamed and dried) is considered more potent than white ginseng.","A slow-growing perennial that requires cool, temperate climates with temperatures between 10–25°C (50–77°F) and a cold dormancy period. Thrives best in partial to full shade — direct sun exposure damages the plant. Prefers deep, well-drained, loamy soil rich in organic matter with a pH of 5.5–6.5 and consistent moisture. Wild ginseng takes 5–10 years to mature; cultivated ginseng is typically harvested after 4–6 years. Plant seeds in autumn or propagate from root divisions. Requires a woodland-like environment with high humidity and leaf mulch to mimic natural forest floor conditions. Highly sensitive to root rot — soil drainage is critical."
Astragalus,Astragalus membranaceus,"Strengthens immune system, supports heart health, anti-aging, reduces inflammation, supports kidney function, antiviral","Astragalus (Huang Qi) is a foundational herb in Traditional Chinese Medicine (TCM) and one of the most powerful immune-modulating herbs known. Its roots contain polysaccharides, saponins, and flavonoids that stimulate the production and activity of white blood cells, including T-cells and natural killer cells, making it effective against viral and bacterial infections. Modern research has highlighted its ability to activate telomerase, an enzyme that lengthens telomeres in DNA, potentially slowing cellular aging. Astragalus also improves heart function, reduces chemotherapy side effects, supports kidney health in chronic kidney disease, and has shown anti-tumor properties in preliminary studies.","A hardy perennial native to northern and eastern China, Mongolia, and Siberia. Grows in temperate to continental climates with temperatures between -10–35°C (14–95°F). Tolerates cold well and is frost-hardy. Prefers well-drained, sandy to loamy soil with a pH of 6.5–8.0 and full sun exposure. Drought-tolerant once established but appreciates moderate irrigation during the growing season. Direct-sow seeds after scarification (scratching the seed coat) in spring. The root is harvested after 3–4 years for maximum potency. Thrives in open fields or garden borders; avoid heavy clay or waterlogged soils. Low maintenance and grows 60–120 cm tall."
Chamomile,Matricaria chamomilla,"Promotes relaxation and sleep, reduces anxiety, soothes digestive issues, anti-inflammatory, heals wounds, eases menstrual cramps","Chamomile is one of the most widely consumed medicinal herbs in the world, beloved for its gentle yet effective calming properties. Its flowers contain apigenin, an antioxidant flavonoid that binds to benzodiazepine receptors in the brain, producing a mild sedative and anxiolytic effect. Chamomile tea is a popular bedtime remedy for improving sleep quality and reducing insomnia. Internally, it also soothes the digestive tract, relieving irritable bowel syndrome (IBS), gastritis, bloating, and colic. Topically, chamomile extract reduces skin redness, eczema, and wound inflammation. It is also used in aromatherapy to manage anxiety and stress. Considered safe for all ages including infants.","An annual or perennial herb that thrives in cool, temperate climates with temperatures between 7–26°C (45–79°F). Grows best in well-drained, slightly acidic to neutral soil with a pH of 5.6–7.5 and full sun to partial shade. German chamomile (most common) is drought-tolerant once established but benefits from regular watering during germination and early growth. Direct-sow seeds in early spring or autumn — seeds need light to germinate, so press onto soil surface without covering. Plants grow 20–60 cm tall and flower profusely in summer. Harvest flowers when fully open. Self-seeds readily. Excellent for borders, herb gardens, or containers. Avoid overwatering or heavy clay soils."
Sarpagandha,Rauvolfia serpentina,"Treats hypertension and high blood pressure, manages anxiety and psychosis, used as a sedative, treats insomnia","Sarpagandha, also known as Indian Snakeroot, is one of the most pharmacologically important plants in Ayurvedic and Western medicine. Its roots contain reserpine, a potent alkaloid that was the first effective antihypertensive drug discovered and used in modern medicine (1950s). Reserpine works by depleting catecholamines (dopamine, norepinephrine, adrenaline) from nerve endings, resulting in reduced heart rate and blood pressure. In Ayurveda, Sarpagandha is used to treat hypertension, anxiety, insomnia, and mental disorders including schizophrenia. However, it must be used with extreme caution under medical supervision due to its narrow therapeutic index and potential side effects including depression and Parkinson-like symptoms.","Native to the Indian subcontinent and Southeast Asia, Sarpagandha grows in tropical and subtropical climates with temperatures between 10–38°C (50–100°F). Prefers moist, humus-rich, well-drained soil with a pH of 5.5–7.5 and partial to full shade — it naturally grows as an understory plant in tropical forests. Requires consistent moisture and high humidity; cannot tolerate drought or frost. Propagate from seeds or stem cuttings. The roots are harvested after 2–3 years of growth when alkaloid concentration is highest. Grows to about 0.5–1 meter in height. In cultivation, requires a shaded, humid microclimate, making it suitable for agroforestry systems with canopy cover."